campaign_date,campaign_id,campaign_name,platform,target_audience,impressions,clicks,leads,applications,enrollments,cost,revenue,region
2024-01-01,AD004,Hackathon,YouTube,17–21 Age,285708,16956,4087,2547,1148,275458,4615838,West India
2024-01-02,AD004,Hackathon,YouTube,17–21 Age,140449,10082,1815,951,565,133026,3513170,North India
2024-01-03,AD004,Hackathon,YouTube,17–21 Age,140958,7474,1169,683,343,135766,1051925,North India
2024-01-04,AD004,Hackathon,YouTube,22–27 Age,257823,16841,3179,1584,698,229715,3850640,West India
2024-01-05,AD004,Hackathon,YouTube,25–35 Age,98595,7293,1340,854,368,52361,1543263,West India
2024-01-06,AD004,Hackathon,YouTube,22–27 Age,68114,5377,909,505,222,27454,1717164,North India
2024-01-07,AD004,Hackathon,YouTube,17–21 Age,175572,6855,1452,757,346,95498,2598808,East India
2024-01-08,AD004,Hackathon,YouTube,22–27 Age,231966,9373,1934,1247,553,175649,2558956,West India
2024-01-09,AD004,Hackathon,YouTube,17–21 Age,281339,12310,2329,1319,734,126724,4265725,West India
2024-01-10,AD004,Hackathon,YouTube,22–27 Age,98805,6952,1479,955,455,49446,3012430,North India
2024-01-11,AD004,Hackathon,YouTube,25–35 Age,144093,11451,1776,934,480,104177,1723114,North India
2024-01-12,AD004,Hackathon,YouTube,25–35 Age,158894,6588,1470,867,405,102314,3080880,Pan India
2024-01-13,AD004,Hackathon,YouTube,25–35 Age,66250,4921,871,392,210,51284,1495426,North India
2024-01-14,AD004,Hackathon,YouTube,25–35 Age,146445,6570,1466,803,436,60478,2107164,West India
2024-01-15,AD004,Hackathon,YouTube,22–27 Age,95097,7359,1754,1030,512,47008,2174798,South India
2024-01-16,AD004,Hackathon,YouTube,17–21 Age,234993,13461,2316,1322,778,118804,3598638,South India
2024-01-17,AD004,Hackathon,YouTube,25–35 Age,72601,4823,859,471,224,65232,1540858,West India
2024-01-18,AD004,Hackathon,YouTube,17–21 Age,64854,3268,774,379,187,29838,1134935,South India
2024-01-19,AD004,Hackathon,YouTube,25–35 Age,140767,7435,1316,748,419,134778,2166219,Pan India
2024-01-20,AD004,Hackathon,YouTube,22–27 Age,102564,4036,954,619,352,51435,2739138,West India
2024-01-21,AD004,Hackathon,YouTube,25–35 Age,99366,6149,1025,585,331,39929,2041494,East India
2024-01-22,AD004,Hackathon,YouTube,17–21 Age,130732,9877,1815,1127,550,65158,2707317,Pan India
2024-01-23,AD004,Hackathon,YouTube,22–27 Age,60282,3890,823,440,184,50618,1332251,East India
2024-01-24,AD004,Hackathon,YouTube,22–27 Age,227987,9955,2151,1233,739,116682,4318919,North India
2024-01-25,AD004,Hackathon,YouTube,22–27 Age,272168,16989,3561,1864,959,166206,4449883,West India
2024-01-26,AD004,Hackathon,YouTube,17–21 Age,264817,10684,1820,1080,558,178964,2959112,North India
2024-01-27,AD004,Hackathon,YouTube,22–27 Age,296970,16468,3817,2120,1220,288391,6571499,Pan India
2024-01-28,AD004,Hackathon,YouTube,25–35 Age,280154,13508,2070,1200,490,258351,2606825,West India
2024-01-29,AD004,Hackathon,YouTube,17–21 Age,246082,9319,1989,960,442,195337,2170311,East India
2024-01-30,AD004,Hackathon,YouTube,25–35 Age,162479,9378,2210,1154,604,157518,4429720,Pan India
2024-01-31,AD004,Hackathon,YouTube,22–27 Age,256182,17232,3397,1850,871,212839,3579678,South India
2024-02-01,AD004,Hackathon,YouTube,22–27 Age,269710,19961,3100,1479,780,108988,2698692,South India
2024-02-02,AD004,Hackathon,YouTube,17–21 Age,85354,4637,948,471,279,39467,1069478,Pan India
2024-02-03,AD004,Hackathon,YouTube,17–21 Age,96853,3046,699,327,162,53821,868490,North India
2024-02-04,AD004,Hackathon,YouTube,17–21 Age,251547,15827,2989,1925,804,123903,5851415,West India
2024-02-05,AD004,Hackathon,YouTube,17–21 Age,189912,12514,2711,1616,890,132682,5279957,North India
2024-02-06,AD004,Hackathon,YouTube,25–35 Age,202653,7479,1790,1010,592,93099,3172504,West India
2024-02-07,AD004,Hackathon,YouTube,17–21 Age,72831,5085,1192,648,367,65890,2806227,West India
2024-02-08,AD004,Hackathon,YouTube,25–35 Age,215776,15117,2292,1195,520,203852,3424735,East India
2024-02-09,AD004,Hackathon,YouTube,17–21 Age,72443,3074,557,275,119,67538,364638,South India
2024-02-10,AD004,Hackathon,YouTube,25–35 Age,155169,10534,1826,964,488,65549,2007650,South India
2024-02-11,AD004,Hackathon,YouTube,17–21 Age,145600,10817,2620,1253,628,143250,3766197,Pan India
2024-02-12,AD004,Hackathon,YouTube,22–27 Age,235449,17901,3572,1970,869,156170,3779197,East India
2024-02-13,AD004,Hackathon,YouTube,25–35 Age,92082,5873,1376,740,425,72925,2747864,North India
2024-02-14,AD004,Hackathon,YouTube,22–27 Age,69767,4894,1047,585,275,47792,2145764,Pan India
2024-02-15,AD004,Hackathon,YouTube,17–21 Age,131440,4550,1063,659,286,119991,1990224,East India
2024-02-16,AD004,Hackathon,YouTube,25–35 Age,281475,14540,2460,1239,519,112655,3920124,South India
2024-02-17,AD004,Hackathon,YouTube,17–21 Age,138904,6550,1548,797,435,128171,3043169,South India
2024-02-18,AD004,Hackathon,YouTube,25–35 Age,294254,13308,3157,1809,752,251733,4143707,Pan India
2024-02-19,AD004,Hackathon,YouTube,17–21 Age,176880,12551,2597,1551,905,165229,3242545,South India
2024-02-20,AD004,Hackathon,YouTube,25–35 Age,135158,10392,2062,977,480,101398,1965140,North India
2024-02-21,AD004,Hackathon,YouTube,22–27 Age,236532,17823,2773,1664,752,209088,2447522,Pan India
2024-02-22,AD004,Hackathon,YouTube,17–21 Age,279307,12903,2336,1311,548,265211,3931416,North India
2024-02-23,AD004,Hackathon,YouTube,17–21 Age,51984,2911,604,374,222,27008,1729749,South India
2024-02-24,AD004,Hackathon,YouTube,25–35 Age,103947,7149,1414,811,375,55024,1623226,South India
2024-02-25,AD004,Hackathon,YouTube,22–27 Age,61783,3786,675,431,230,48713,1095171,East India
2024-02-26,AD004,Hackathon,YouTube,25–35 Age,211522,8146,1649,828,347,139232,1343596,East India
2024-02-27,AD004,Hackathon,YouTube,22–27 Age,55880,1910,340,220,103,40730,486884,South India
2024-02-28,AD004,Hackathon,YouTube,17–21 Age,167535,11504,2177,1304,556,110297,4174013,West India
2024-02-29,AD004,Hackathon,YouTube,25–35 Age,206944,15993,2610,1657,747,170089,2704688,West India
2024-03-01,AD001,UG Admission,Google Ads,17–21 Age,86043,5121,1032,663,383,84842,2067524,Pan India
2024-03-01,AD004,Hackathon,YouTube,22–27 Age,238624,16826,3034,1553,882,121440,5523180,East India
2024-03-02,AD001,UG Admission,Google Ads,17–21 Age,106383,8132,1989,1180,597,68121,4167141,South India
2024-03-02,AD004,Hackathon,YouTube,25–35 Age,137353,10177,1561,926,440,62507,2300982,Pan India
2024-03-03,AD001,UG Admission,Google Ads,17–21 Age,190183,9911,2343,1331,712,170515,2633312,North India
2024-03-03,AD004,Hackathon,YouTube,17–21 Age,248339,16962,3496,1806,789,175686,2908345,East India
2024-03-04,AD001,UG Admission,Google Ads,17–21 Age,151825,7293,1728,1114,497,76966,3527269,West India
2024-03-04,AD004,Hackathon,YouTube,17–21 Age,56983,2037,418,208,123,53252,737803,Pan India
2024-03-05,AD001,UG Admission,Google Ads,17–21 Age,70110,3013,750,468,238,52948,1892178,South India
2024-03-05,AD004,Hackathon,YouTube,22–27 Age,161034,5095,881,462,224,84019,923164,South India
2024-03-06,AD001,UG Admission,Google Ads,17–21 Age,127872,7698,1526,763,381,116041,2303108,Pan India
2024-03-06,AD004,Hackathon,YouTube,17–21 Age,207444,12055,2103,1256,542,112400,2091662,North India
2024-03-07,AD001,UG Admission,Google Ads,17–21 Age,125458,8435,1509,693,366,66260,2398363,West India
2024-03-07,AD004,Hackathon,YouTube,25–35 Age,125186,5438,1013,516,288,70257,1655474,East India
2024-03-08,AD001,UG Admission,Google Ads,17–21 Age,52749,3113,594,267,132,47097,644766,West India
2024-03-08,AD004,Hackathon,YouTube,17–21 Age,153379,7139,1663,957,429,102014,1463625,South India
2024-03-09,AD001,UG Admission,Google Ads,17–21 Age,55614,3540,572,343,154,36079,646247,North India
2024-03-09,AD004,Hackathon,YouTube,17–21 Age,123685,8520,2108,1010,406,122048,1454477,South India
2024-03-10,AD001,UG Admission,Google Ads,17–21 Age,160586,9019,1457,790,427,118320,2536805,North India
2024-03-10,AD004,Hackathon,YouTube,25–35 Age,226639,12635,2302,1218,650,199476,3964941,Pan India
2024-03-11,AD001,UG Admission,Google Ads,17–21 Age,73407,5606,883,498,256,70483,1018846,West India
2024-03-11,AD004,Hackathon,YouTube,22–27 Age,213309,8042,1913,1209,533,164270,4063881,North India
2024-03-12,AD001,UG Admission,Google Ads,17–21 Age,216597,15507,2335,1445,726,192462,2305973,North India
2024-03-12,AD004,Hackathon,YouTube,25–35 Age,226506,7970,1292,750,420,175995,2066587,Pan India
2024-03-13,AD001,UG Admission,Google Ads,17–21 Age,175194,5344,957,551,261,169204,976767,West India
2024-03-13,AD004,Hackathon,YouTube,22–27 Age,185895,10159,1559,796,319,152447,2203004,East India
2024-03-14,AD001,UG Admission,Google Ads,17–21 Age,188495,10549,1800,1004,441,182807,2268459,West India
2024-03-14,AD004,Hackathon,YouTube,22–27 Age,61348,4749,863,560,278,41335,2016293,Pan India
2024-03-15,AD001,UG Admission,Google Ads,17–21 Age,100344,8008,1473,816,424,77930,1344335,East India
2024-03-15,AD004,Hackathon,YouTube,22–27 Age,194652,12957,2628,1452,793,188269,5847270,East India
2024-03-16,AD001,UG Admission,Google Ads,17–21 Age,275868,10436,1877,1023,453,133645,2895845,West India
2024-03-16,AD004,Hackathon,YouTube,22–27 Age,144241,6954,1273,706,292,70142,1034342,East India
2024-03-17,AD001,UG Admission,Google Ads,17–21 Age,292584,23331,3605,1899,921,169598,3162279,West India
2024-03-17,AD004,Hackathon,YouTube,25–35 Age,117460,8173,1756,887,365,93791,1580107,South India
2024-03-18,AD001,UG Admission,Google Ads,17–21 Age,160356,10619,2317,1167,687,89639,4671783,South India
2024-03-18,AD004,Hackathon,YouTube,17–21 Age,58163,3769,797,395,178,25555,1293768,North India
2024-03-19,AD001,UG Admission,Google Ads,17–21 Age,172256,8896,2048,985,576,152568,1915390,East India
2024-03-19,AD004,Hackathon,YouTube,17–21 Age,258133,14755,2438,1536,617,103656,4524609,South India
2024-03-20,AD001,UG Admission,Google Ads,17–21 Age,203648,8947,1995,1108,625,126624,3738990,South India
2024-03-20,AD004,Hackathon,YouTube,22–27 Age,219527,10693,1929,990,415,203424,2119680,South India
2024-03-21,AD001,UG Admission,Google Ads,17–21 Age,85480,4749,1166,617,295,77653,1845722,North India
2024-03-21,AD004,Hackathon,YouTube,17–21 Age,284030,14236,2183,1152,592,262334,2663780,North India
2024-03-22,AD001,UG Admission,Google Ads,17–21 Age,298776,13733,2795,1309,703,212230,5350896,West India
2024-03-22,AD004,Hackathon,YouTube,22–27 Age,64434,3679,729,397,235,59042,1242049,Pan India
2024-03-23,AD001,UG Admission,Google Ads,17–21 Age,245366,12959,2802,1515,836,241060,6091994,North India
2024-03-23,AD004,Hackathon,YouTube,25–35 Age,53724,1683,344,159,73,49801,513710,South India
2024-03-24,AD001,UG Admission,Google Ads,17–21 Age,240769,8468,1835,987,400,145335,2921642,South India
2024-03-24,AD004,Hackathon,YouTube,17–21 Age,79876,4171,757,434,226,75946,1660036,North India
2024-03-25,AD001,UG Admission,Google Ads,17–21 Age,122186,5865,1463,777,313,54950,1100080,South India
2024-03-25,AD004,Hackathon,YouTube,17–21 Age,199247,9891,2264,1217,616,105185,4785145,East India
2024-03-26,AD001,UG Admission,Google Ads,17–21 Age,274044,13557,2893,1644,828,131708,6173760,North India
2024-03-26,AD004,Hackathon,YouTube,22–27 Age,244500,9131,2098,1346,655,146176,3464552,East India
2024-03-27,AD001,UG Admission,Google Ads,17–21 Age,75569,3044,699,363,210,43169,954212,Pan India
2024-03-27,AD004,Hackathon,YouTube,17–21 Age,62090,3649,636,301,174,58687,569195,South India
2024-03-28,AD001,UG Admission,Google Ads,17–21 Age,151614,5544,1000,552,221,66294,838838,South India
2024-03-28,AD004,Hackathon,YouTube,17–21 Age,275576,19381,2993,1920,883,152034,2850576,Pan India
2024-03-29,AD001,UG Admission,Google Ads,17–21 Age,128767,7454,1142,540,253,99239,960812,West India
2024-03-29,AD004,Hackathon,YouTube,25–35 Age,94022,2854,695,411,192,58117,1323998,North India
2024-03-30,AD001,UG Admission,Google Ads,17–21 Age,168427,7496,1354,707,399,121005,2780010,North India
2024-03-30,AD004,Hackathon,YouTube,17–21 Age,153437,5657,1049,519,211,147977,1161334,East India
2024-03-31,AD001,UG Admission,Google Ads,17–21 Age,80636,5687,1072,607,344,59285,2288813,East India
2024-03-31,AD004,Hackathon,YouTube,25–35 Age,158630,4927,822,475,264,141499,1140876,East India
2024-04-01,AD001,UG Admission,Google Ads,17–21 Age,186499,6536,1354,621,368,85229,2637714,West India
2024-04-02,AD001,UG Admission,Google Ads,17–21 Age,280440,19647,3222,1784,885,254339,4246093,North India
2024-04-03,AD001,UG Admission,Google Ads,17–21 Age,79911,2837,458,283,153,34959,584663,South India
2024-04-04,AD001,UG Admission,Google Ads,17–21 Age,274653,14146,2816,1386,561,208104,3892838,West India
2024-04-05,AD001,UG Admission,Google Ads,17–21 Age,165340,10645,1684,807,389,129203,3018743,West India
2024-04-06,AD001,UG Admission,Google Ads,17–21 Age,282778,15067,2772,1717,949,219848,5156799,West India
2024-04-07,AD001,UG Admission,Google Ads,17–21 Age,285987,22561,5121,2466,1091,146348,3872315,Pan India
2024-04-08,AD001,UG Admission,Google Ads,17–21 Age,200034,14443,3338,1578,716,189342,5411519,Pan India
2024-04-09,AD001,UG Admission,Google Ads,17–21 Age,114098,4796,979,559,277,95245,1500707,Pan India
2024-04-10,AD001,UG Admission,Google Ads,17–21 Age,230730,8044,1273,591,285,100418,2085502,North India
2024-04-11,AD001,UG Admission,Google Ads,17–21 Age,221570,12355,2256,1301,521,200218,2522441,Pan India
2024-04-12,AD001,UG Admission,Google Ads,17–21 Age,241871,18824,3533,2181,917,126584,7087677,South India
2024-04-13,AD001,UG Admission,Google Ads,17–21 Age,288853,12032,2732,1717,785,202095,2398172,East India
2024-04-14,AD001,UG Admission,Google Ads,17–21 Age,213540,14462,3456,1678,696,108898,3431908,West India
2024-04-15,AD001,UG Admission,Google Ads,17–21 Age,72233,3762,590,318,184,57707,1314021,West India
2024-04-16,AD001,UG Admission,Google Ads,17–21 Age,167205,5074,1208,604,322,115667,2387204,West India
2024-04-17,AD001,UG Admission,Google Ads,17–21 Age,234584,15677,3010,1913,842,190235,4025667,West India
2024-04-18,AD001,UG Admission,Google Ads,17–21 Age,50267,3518,817,515,226,39782,893338,West India
2024-04-19,AD001,UG Admission,Google Ads,17–21 Age,147737,9789,2427,1461,710,115882,4999995,South India
2024-04-20,AD001,UG Admission,Google Ads,17–21 Age,103945,5827,1089,686,290,45624,1291459,South India
2024-04-21,AD001,UG Admission,Google Ads,17–21 Age,180309,13125,2445,1328,595,107078,4718407,South India
2024-04-22,AD001,UG Admission,Google Ads,17–21 Age,165998,7203,1295,834,489,155076,3804207,South India
2024-04-23,AD001,UG Admission,Google Ads,17–21 Age,204547,9363,1756,1126,509,150706,2219931,Pan India
2024-04-24,AD001,UG Admission,Google Ads,17–21 Age,124784,7174,1288,783,351,103745,1765941,Pan India
2024-04-25,AD001,UG Admission,Google Ads,17–21 Age,132967,10361,1745,990,467,65513,1832026,Pan India
2024-04-26,AD001,UG Admission,Google Ads,17–21 Age,260506,13356,3163,1998,854,256268,4686284,West India
2024-04-27,AD001,UG Admission,Google Ads,17–21 Age,229208,9355,2081,1043,469,178259,2674524,Pan India
2024-04-28,AD001,UG Admission,Google Ads,17–21 Age,171241,7348,1294,719,302,85665,1939709,West India
2024-04-29,AD001,UG Admission,Google Ads,17–21 Age,161956,10797,1786,1036,542,150184,2235498,East India
2024-04-30,AD001,UG Admission,Google Ads,17–21 Age,61492,4436,909,457,244,50084,751942,West India
2024-05-01,AD001,UG Admission,Google Ads,17–21 Age,203882,9925,2110,963,504,181727,3279196,South India
2024-05-02,AD001,UG Admission,Google Ads,17–21 Age,52572,2746,633,286,115,31495,721472,West India
2024-05-03,AD001,UG Admission,Google Ads,17–21 Age,182398,9821,2358,1144,659,117139,4142036,Pan India
2024-05-04,AD001,UG Admission,Google Ads,17–21 Age,291292,19445,3115,1736,1028,264153,6279651,South India
2024-05-05,AD001,UG Admission,Google Ads,17–21 Age,209896,11020,2016,1282,676,134786,5166292,West India
2024-05-06,AD001,UG Admission,Google Ads,17–21 Age,212729,11086,2540,1442,785,148219,2403528,Pan India
2024-05-07,AD001,UG Admission,Google Ads,17–21 Age,53575,1779,383,198,83,31495,562987,South India
2024-05-08,AD001,UG Admission,Google Ads,17–21 Age,77717,5458,1240,600,252,39734,1374433,North India
2024-05-09,AD001,UG Admission,Google Ads,17–21 Age,254812,8231,1789,905,508,214463,3712872,Pan India
2024-05-10,AD001,UG Admission,Google Ads,17–21 Age,159338,8621,1987,1010,560,121167,2837407,Pan India
2024-05-11,AD001,UG Admission,Google Ads,17–21 Age,107691,5395,912,434,235,50973,1299358,North India
2024-05-12,AD001,UG Admission,Google Ads,17–21 Age,150217,9087,1717,921,420,84200,2218830,North India
2024-05-13,AD001,UG Admission,Google Ads,17–21 Age,227093,11820,2504,1225,522,192460,2362548,North India
2024-05-14,AD001,UG Admission,Google Ads,17–21 Age,212823,12602,1904,1005,425,107267,1912335,West India
2024-05-15,AD001,UG Admission,Google Ads,17–21 Age,129087,4033,640,346,198,101206,1581964,West India
2024-05-16,AD001,UG Admission,Google Ads,17–21 Age,95904,4183,667,322,147,66126,751735,North India
2024-05-17,AD001,UG Admission,Google Ads,17–21 Age,135876,8214,1729,909,441,85485,2700294,Pan India
2024-05-18,AD001,UG Admission,Google Ads,17–21 Age,280625,14687,2934,1372,655,191299,3980786,Pan India
2024-05-19,AD001,UG Admission,Google Ads,17–21 Age,99328,5165,1149,717,314,59407,1218840,Pan India
2024-05-20,AD001,UG Admission,Google Ads,17–21 Age,144094,11075,2057,1117,577,118501,3178344,North India
2024-05-21,AD001,UG Admission,Google Ads,17–21 Age,257103,13993,3038,1674,939,151754,5715057,South India
2024-05-22,AD001,UG Admission,Google Ads,17–21 Age,209828,14119,2701,1585,667,164162,3749676,North India
2024-05-23,AD001,UG Admission,Google Ads,17–21 Age,218859,11905,1854,941,482,120755,1563740,East India
2024-05-24,AD001,UG Admission,Google Ads,17–21 Age,210510,12742,2399,1408,810,182684,6159534,West India
2024-05-25,AD001,UG Admission,Google Ads,17–21 Age,112134,3488,542,286,159,76411,520844,North India
2024-05-26,AD001,UG Admission,Google Ads,17–21 Age,167323,6870,1386,656,339,154890,2689432,West India
2024-05-27,AD001,UG Admission,Google Ads,17–21 Age,71573,3385,572,368,169,37172,1300603,South India
2024-05-28,AD001,UG Admission,Google Ads,17–21 Age,157823,9513,2121,1051,506,109850,3668864,South India
2024-05-29,AD001,UG Admission,Google Ads,17–21 Age,170857,13220,2821,1398,619,96132,4551262,North India
2024-05-30,AD001,UG Admission,Google Ads,17–21 Age,286098,8605,1496,757,307,284696,2297720,North India
2024-05-31,AD001,UG Admission,Google Ads,17–21 Age,179655,7512,1329,827,420,177941,2774452,South India
2024-06-01,AD001,UG Admission,Google Ads,17–21 Age,200920,10462,2244,1338,750,142412,4242470,West India
2024-06-02,AD001,UG Admission,Google Ads,17–21 Age,277733,19722,3356,1999,1087,267369,6633450,East India
2024-06-03,AD001,UG Admission,Google Ads,17–21 Age,163525,6314,1573,794,445,161244,2892185,East India
2024-06-04,AD001,UG Admission,Google Ads,17–21 Age,57200,2876,542,295,144,40656,1131480,North India
2024-06-05,AD001,UG Admission,Google Ads,17–21 Age,138496,6165,1152,534,238,78356,1666242,West India
2024-06-06,AD001,UG Admission,Google Ads,17–21 Age,173098,12987,2605,1205,678,171935,4701885,East India
2024-06-07,AD001,UG Admission,Google Ads,17–21 Age,132867,6166,1353,871,423,110776,1886619,North India
2024-06-08,AD001,UG Admission,Google Ads,17–21 Age,78405,5902,1106,584,309,59265,1624993,Pan India
2024-06-09,AD001,UG Admission,Google Ads,17–21 Age,123612,8089,1527,775,424,113946,3146851,Pan India
2024-06-10,AD001,UG Admission,Google Ads,17–21 Age,195933,8997,1665,915,447,189378,2736848,North India
2024-06-11,AD001,UG Admission,Google Ads,17–21 Age,107645,6490,1396,669,394,64452,2150211,South India
2024-06-12,AD001,UG Admission,Google Ads,17–21 Age,126990,3967,640,342,195,78557,817560,South India
2024-06-13,AD001,UG Admission,Google Ads,17–21 Age,173173,6384,1547,788,399,127532,2683478,East India
2024-06-14,AD001,UG Admission,Google Ads,17–21 Age,267033,20262,3713,2404,1299,216742,7943328,Pan India
2024-06-15,AD001,UG Admission,Google Ads,17–21 Age,132726,7918,1387,700,353,57062,1916053,East India
2024-06-16,AD001,UG Admission,Google Ads,17–21 Age,251270,9386,1500,689,349,244868,2427244,North India
2024-06-17,AD001,UG Admission,Google Ads,17–21 Age,207125,16396,3081,1427,767,130265,5214044,West India
2024-06-18,AD001,UG Admission,Google Ads,17–21 Age,224667,15878,3948,2098,1224,195774,4343633,East India
2024-06-19,AD001,UG Admission,Google Ads,17–21 Age,295874,20384,3505,2023,974,195141,5500365,East India
2024-06-20,AD001,UG Admission,Google Ads,17–21 Age,205409,7026,1119,706,423,175825,1322998,Pan India
2024-06-21,AD001,UG Admission,Google Ads,17–21 Age,189047,7231,1473,846,469,149311,2655171,North India
2024-06-22,AD001,UG Admission,Google Ads,17–21 Age,174907,8495,2121,1059,425,134701,2590999,North India
2024-06-23,AD001,UG Admission,Google Ads,17–21 Age,176167,10868,1936,1164,627,121892,4751275,East India
2024-06-24,AD001,UG Admission,Google Ads,17–21 Age,170905,8986,2123,1289,772,77321,3546992,Pan India
2024-06-25,AD001,UG Admission,Google Ads,17–21 Age,92195,6158,1102,514,217,53345,1158160,West India
2024-06-26,AD001,UG Admission,Google Ads,17–21 Age,144589,11439,2189,1146,674,93883,3774177,Pan India
2024-06-27,AD001,UG Admission,Google Ads,17–21 Age,218634,13467,2852,1603,838,196856,2571768,North India
2024-06-28,AD001,UG Admission,Google Ads,17–21 Age,224017,17218,3927,2217,1085,145416,7154155,North India
2024-06-29,AD001,UG Admission,Google Ads,17–21 Age,99562,5277,1146,694,296,73479,920163,North India
2024-06-30,AD001,UG Admission,Google Ads,17–21 Age,247894,9939,2312,1356,632,174102,4208263,West India
2024-07-01,AD001,UG Admission,Google Ads,17–21 Age,189966,6959,1711,797,357,128422,2524973,South India
2024-07-02,AD001,UG Admission,Google Ads,17–21 Age,290368,17043,2956,1912,1082,182545,3348575,South India
2024-07-03,AD001,UG Admission,Google Ads,17–21 Age,98624,5398,1025,555,234,58644,1605698,East India
2024-07-04,AD001,UG Admission,Google Ads,17–21 Age,185544,8967,1881,974,497,143891,2013576,North India
2024-07-05,AD001,UG Admission,Google Ads,17–21 Age,64345,2893,673,399,231,58397,1512058,East India
2024-07-06,AD001,UG Admission,Google Ads,17–21 Age,260059,15459,2859,1616,748,238170,3760809,Pan India
2024-07-07,AD001,UG Admission,Google Ads,17–21 Age,272679,12573,2386,1298,669,125239,4864240,East India
2024-07-08,AD001,UG Admission,Google Ads,17–21 Age,248350,16741,2897,1713,861,217165,3498931,Pan India
2024-07-09,AD001,UG Admission,Google Ads,17–21 Age,177393,7806,1826,1016,471,138014,3729597,Pan India
2024-07-10,AD001,UG Admission,Google Ads,17–21 Age,151029,9303,1887,1057,498,70776,1931400,Pan India
2024-07-11,AD001,UG Admission,Google Ads,17–21 Age,53745,4296,787,354,145,28331,567613,North India
2024-07-12,AD001,UG Admission,Google Ads,17–21 Age,81985,2676,589,334,155,39731,1134387,East India
2024-07-13,AD001,UG Admission,Google Ads,17–21 Age,101535,3234,704,418,167,49643,538638,South India
2024-07-14,AD001,UG Admission,Google Ads,17–21 Age,56203,3399,526,282,124,50748,703721,East India
2024-07-15,AD001,UG Admission,Google Ads,17–21 Age,172571,12649,2920,1512,709,144033,4185548,West India
2024-07-16,AD001,UG Admission,Google Ads,17–21 Age,206620,15320,3284,2077,936,107032,4032427,West India
2024-07-17,AD001,UG Admission,Google Ads,17–21 Age,238579,11277,1997,942,481,200473,1996665,West India
2024-07-18,AD001,UG Admission,Google Ads,17–21 Age,299596,13778,2469,1401,803,133225,4364605,Pan India
2024-07-19,AD001,UG Admission,Google Ads,17–21 Age,289584,9928,1754,852,495,233554,1607665,North India
2024-07-20,AD001,UG Admission,Google Ads,17–21 Age,272890,10309,2371,1461,865,248691,6675095,West India
2024-07-21,AD001,UG Admission,Google Ads,17–21 Age,285905,8585,1949,993,582,254212,3218556,West India
2024-07-22,AD001,UG Admission,Google Ads,17–21 Age,92579,6825,1236,768,372,46341,2501010,West India
2024-07-23,AD001,UG Admission,Google Ads,17–21 Age,262199,20171,3719,2289,1259,108833,8859616,North India
2024-07-24,AD001,UG Admission,Google Ads,17–21 Age,198212,6874,1415,799,462,108824,3333666,Pan India
2024-07-25,AD001,UG Admission,Google Ads,17–21 Age,118809,7312,1760,995,443,100652,2996388,West India
2024-07-26,AD001,UG Admission,Google Ads,17–21 Age,182889,5572,878,401,226,93158,1525793,North India
2024-07-27,AD001,UG Admission,Google Ads,17–21 Age,85016,3976,731,365,182,39558,1358546,South India
2024-07-28,AD001,UG Admission,Google Ads,17–21 Age,136206,8419,2017,1200,719,66697,3914237,West India
2024-07-29,AD001,UG Admission,Google Ads,17–21 Age,165347,11046,2068,1143,503,143383,1991696,South India
2024-07-30,AD001,UG Admission,Google Ads,17–21 Age,293930,12917,3074,1552,860,135738,4957160,West India
2024-07-31,AD001,UG Admission,Google Ads,17–21 Age,143598,9751,1930,965,442,121893,1449677,Pan India
2024-08-01,AD001,UG Admission,Google Ads,17–21 Age,54410,4309,693,357,191,48121,1063428,North India
2024-08-01,AD005,Semester Exchange Program,Instagram,22–27 Age,100600,4426,1006,578,315,88125,2363534,South India
2024-08-02,AD001,UG Admission,Google Ads,17–21 Age,132675,10342,1904,862,374,113476,1926664,North India
2024-08-02,AD005,Semester Exchange Program,Instagram,17–21 Age,120721,9109,1747,1023,521,75050,2509324,North India
2024-08-03,AD001,UG Admission,Google Ads,17–21 Age,200741,11692,2445,1190,664,136501,3345577,South India
2024-08-03,AD005,Semester Exchange Program,Instagram,17–21 Age,208142,16098,3655,2210,1252,141729,7709100,Pan India
2024-08-04,AD001,UG Admission,Google Ads,17–21 Age,62326,2288,416,208,97,53808,514276,West India
2024-08-04,AD005,Semester Exchange Program,Instagram,22–27 Age,60178,3164,594,300,141,36780,638056,East India
2024-08-05,AD001,UG Admission,Google Ads,17–21 Age,105561,6091,1210,657,361,58133,1085319,South India
2024-08-05,AD005,Semester Exchange Program,Instagram,17–21 Age,108128,4562,1033,586,260,58193,1634561,South India
2024-08-06,AD001,UG Admission,Google Ads,17–21 Age,96715,4883,1120,538,232,43537,1813997,East India
2024-08-06,AD005,Semester Exchange Program,Instagram,25–35 Age,99786,4538,843,475,270,86473,1992670,North India
2024-08-07,AD001,UG Admission,Google Ads,17–21 Age,297887,19916,3329,2125,936,270728,2895012,West India
2024-08-07,AD005,Semester Exchange Program,Instagram,17–21 Age,54376,2198,530,240,98,48889,404235,Pan India
2024-08-08,AD001,UG Admission,Google Ads,17–21 Age,88036,3843,807,511,208,69666,1270694,Pan India
2024-08-08,AD005,Semester Exchange Program,Instagram,17–21 Age,276523,11747,1913,1099,451,112551,3062511,West India
2024-08-09,AD001,UG Admission,Google Ads,17–21 Age,61270,3608,771,487,203,48487,1016705,South India
2024-08-09,AD005,Semester Exchange Program,Instagram,25–35 Age,175935,8558,1832,1035,601,163463,2873827,East India
2024-08-10,AD001,UG Admission,Google Ads,17–21 Age,270202,19267,3864,1957,1169,132916,5811867,Pan India
2024-08-10,AD005,Semester Exchange Program,Instagram,17–21 Age,70308,4870,930,492,251,51723,1262104,South India
2024-08-11,AD001,UG Admission,Google Ads,17–21 Age,206790,15329,3569,2038,1076,151435,8479989,South India
2024-08-11,AD005,Semester Exchange Program,Instagram,25–35 Age,239465,10006,1533,767,445,119177,3554174,North India
2024-08-12,AD001,UG Admission,Google Ads,17–21 Age,143259,4765,1041,609,246,103534,1950084,Pan India
2024-08-12,AD005,Semester Exchange Program,Instagram,25–35 Age,60504,2239,539,322,184,54507,1051156,Pan India
2024-08-13,AD001,UG Admission,Google Ads,17–21 Age,203962,9650,2394,1402,591,143265,2808714,North India
2024-08-13,AD005,Semester Exchange Program,Instagram,17–21 Age,140195,9654,1913,1044,524,78718,3267340,West India
2024-08-14,AD001,UG Admission,Google Ads,17–21 Age,93684,5805,1305,670,372,41068,1553036,West India
2024-08-14,AD005,Semester Exchange Program,Instagram,25–35 Age,184290,10858,2176,991,427,163227,1995132,South India
2024-08-15,AD001,UG Admission,Google Ads,17–21 Age,246897,8565,2017,1112,614,246807,4424382,North India
2024-08-15,AD005,Semester Exchange Program,Instagram,17–21 Age,75772,2986,585,343,194,50359,1510027,North India
2024-08-16,AD001,UG Admission,Google Ads,17–21 Age,259857,18951,3776,2370,1066,110741,3876987,North India
2024-08-16,AD005,Semester Exchange Program,Instagram,25–35 Age,147185,8624,2052,1243,630,102580,3446318,West India
2024-08-17,AD001,UG Admission,Google Ads,17–21 Age,160425,11372,2306,1230,588,133747,2831001,North India
2024-08-17,AD005,Semester Exchange Program,Instagram,22–27 Age,196487,8699,1691,1051,613,171744,3311851,South India
2024-08-18,AD001,UG Admission,Google Ads,17–21 Age,136692,7477,1371,764,442,120425,2071544,West India
2024-08-18,AD005,Semester Exchange Program,Instagram,25–35 Age,254671,15131,3100,1454,638,167140,4151996,West India
2024-08-19,AD001,UG Admission,Google Ads,17–21 Age,167681,13225,2990,1842,894,92404,6148024,North India
2024-08-19,AD005,Semester Exchange Program,Instagram,17–21 Age,150411,8934,1854,1043,438,83953,3329055,East India
2024-08-20,AD001,UG Admission,Google Ads,17–21 Age,50916,2686,642,387,160,34435,774445,North India
2024-08-20,AD005,Semester Exchange Program,Instagram,22–27 Age,266600,18274,4074,2224,907,192783,4819731,South India
2024-08-21,AD001,UG Admission,Google Ads,17–21 Age,246115,17238,2715,1569,816,239238,5018705,East India
2024-08-21,AD005,Semester Exchange Program,Instagram,17–21 Age,286047,14611,3332,1656,978,195180,5342189,North India
2024-08-22,AD001,UG Admission,Google Ads,17–21 Age,55434,3340,628,299,157,47689,567663,Pan India
2024-08-22,AD005,Semester Exchange Program,Instagram,17–21 Age,138420,9190,1758,895,476,121776,3796436,South India
2024-08-23,AD001,UG Admission,Google Ads,17–21 Age,212121,8521,1831,1065,523,210423,1816349,South India
2024-08-23,AD005,Semester Exchange Program,Instagram,22–27 Age,174155,7729,1269,726,423,114530,1755445,South India
2024-08-24,AD001,UG Admission,Google Ads,17–21 Age,298055,23238,3774,2035,1015,255249,5574248,West India
2024-08-24,AD005,Semester Exchange Program,Instagram,17–21 Age,73433,3246,574,335,163,43645,1029954,Pan India
2024-08-25,AD001,UG Admission,Google Ads,17–21 Age,273318,12830,2725,1477,719,249801,3360100,West India
2024-08-25,AD005,Semester Exchange Program,Instagram,17–21 Age,190927,8324,1746,1040,502,153681,1737264,West India
2024-08-26,AD001,UG Admission,Google Ads,17–21 Age,280548,22400,3381,2001,1115,243364,7580436,Pan India
2024-08-26,AD005,Semester Exchange Program,Instagram,17–21 Age,285397,15333,2569,1619,881,167612,5312696,Pan India
2024-08-27,AD001,UG Admission,Google Ads,17–21 Age,230587,11780,2103,985,557,170545,2172106,North India
2024-08-27,AD005,Semester Exchange Program,Instagram,22–27 Age,239102,11777,2683,1443,793,178773,6237100,South India
2024-08-28,AD001,UG Admission,Google Ads,17–21 Age,122769,4992,1154,639,335,76198,1803614,East India
2024-08-28,AD005,Semester Exchange Program,Instagram,25–35 Age,118445,9312,1796,862,394,53889,1248957,Pan India
2024-08-29,AD001,UG Admission,Google Ads,17–21 Age,176924,6002,1405,726,305,149271,1316066,Pan India
2024-08-29,AD005,Semester Exchange Program,Instagram,17–21 Age,141835,4781,815,412,201,71163,1195977,East India
2024-08-30,AD001,UG Admission,Google Ads,17–21 Age,89353,3461,777,423,218,68408,1404431,East India
2024-08-30,AD005,Semester Exchange Program,Instagram,25–35 Age,172603,13771,3131,1756,957,123950,7284647,West India
2024-08-31,AD001,UG Admission,Google Ads,17–21 Age,275170,8309,2008,1217,654,116652,2196952,North India
2024-08-31,AD005,Semester Exchange Program,Instagram,25–35 Age,188007,12565,2831,1364,556,100933,2063936,North India
2024-09-01,AD005,Semester Exchange Program,Instagram,25–35 Age,277995,17323,3307,1962,807,119950,3907589,East India
2024-09-02,AD005,Semester Exchange Program,Instagram,17–21 Age,204641,14981,3396,1681,682,155414,5373759,Pan India
2024-09-03,AD005,Semester Exchange Program,Instagram,22–27 Age,80461,5310,1043,626,251,56362,988492,East India
2024-09-04,AD005,Semester Exchange Program,Instagram,17–21 Age,225116,11836,2871,1828,993,145813,7254951,South India
2024-09-05,AD005,Semester Exchange Program,Instagram,17–21 Age,116737,9182,1836,1173,621,99176,2537615,South India
2024-09-06,AD005,Semester Exchange Program,Instagram,22–27 Age,63297,4534,954,479,279,50867,2142106,Pan India
2024-09-07,AD005,Semester Exchange Program,Instagram,22–27 Age,58123,2245,487,238,102,48038,806658,West India
2024-09-08,AD005,Semester Exchange Program,Instagram,17–21 Age,245747,19560,3600,2070,927,200843,3867146,West India
2024-09-09,AD005,Semester Exchange Program,Instagram,17–21 Age,84497,2556,527,306,147,40401,517444,East India
2024-09-10,AD005,Semester Exchange Program,Instagram,17–21 Age,241659,17679,2873,1586,722,135222,4879841,East India
2024-09-11,AD005,Semester Exchange Program,Instagram,22–27 Age,65507,2625,419,269,116,58811,812926,West India
2024-09-12,AD005,Semester Exchange Program,Instagram,17–21 Age,89606,3064,523,302,174,82238,1090016,Pan India
2024-09-13,AD005,Semester Exchange Program,Instagram,25–35 Age,288944,22296,3936,2456,1336,268441,10200619,North India
2024-09-14,AD005,Semester Exchange Program,Instagram,25–35 Age,61065,3349,511,253,103,50675,618471,East India
2024-09-15,AD005,Semester Exchange Program,Instagram,17–21 Age,52998,2691,556,360,169,42374,1263776,South India
2024-09-16,AD005,Semester Exchange Program,Instagram,17–21 Age,188733,6063,1486,848,495,117045,1718165,West India
2024-09-17,AD005,Semester Exchange Program,Instagram,22–27 Age,264523,8422,1397,690,285,174372,2190323,North India
2024-09-18,AD005,Semester Exchange Program,Instagram,17–21 Age,99863,5899,1473,894,463,73759,1765142,East India
2024-09-19,AD005,Semester Exchange Program,Instagram,25–35 Age,76229,4994,1189,748,448,38131,2070392,North India
2024-09-20,AD005,Semester Exchange Program,Instagram,17–21 Age,121757,6018,1136,664,374,107788,2220089,South India
2024-09-21,AD005,Semester Exchange Program,Instagram,25–35 Age,114298,4785,1131,713,345,80919,2265578,North India
2024-09-22,AD005,Semester Exchange Program,Instagram,17–21 Age,105308,7365,1272,726,432,43967,2323390,North India
2024-09-23,AD005,Semester Exchange Program,Instagram,22–27 Age,136857,9505,1522,788,362,65109,1489069,South India
2024-09-24,AD005,Semester Exchange Program,Instagram,17–21 Age,134230,8702,1365,650,332,124822,1474440,West India
2024-09-25,AD005,Semester Exchange Program,Instagram,22–27 Age,262940,21020,4963,2852,1664,200319,7439846,North India
2024-09-26,AD005,Semester Exchange Program,Instagram,25–35 Age,273481,17743,3097,1835,1000,262908,7305476,South India
2024-09-27,AD005,Semester Exchange Program,Instagram,17–21 Age,81135,4547,1123,543,325,72932,1570057,North India
2024-09-28,AD005,Semester Exchange Program,Instagram,22–27 Age,177065,8511,1962,1141,682,126930,4613730,West India
2024-09-29,AD005,Semester Exchange Program,Instagram,17–21 Age,120820,8446,1398,808,382,96604,1911054,South India
2024-09-30,AD005,Semester Exchange Program,Instagram,17–21 Age,108200,3265,588,270,146,90136,550297,Pan India
2024-10-01,AD005,Semester Exchange Program,Instagram,25–35 Age,181393,7776,1216,691,308,116711,955853,South India
2024-10-02,AD005,Semester Exchange Program,Instagram,25–35 Age,188107,11836,2751,1255,668,83985,3644884,North India
2024-10-03,AD005,Semester Exchange Program,Instagram,17–21 Age,136913,4144,997,508,257,88554,1706756,South India
2024-10-04,AD005,Semester Exchange Program,Instagram,25–35 Age,275383,21966,4741,2231,912,239729,3926372,Pan India
2024-10-05,AD005,Semester Exchange Program,Instagram,25–35 Age,287478,15296,2824,1485,658,273924,2298554,North India
2024-10-06,AD005,Semester Exchange Program,Instagram,25–35 Age,177706,6076,1461,913,494,142059,1710668,Pan India
2024-10-07,AD005,Semester Exchange Program,Instagram,25–35 Age,295188,8972,1635,877,449,209784,3330514,East India
2024-10-08,AD005,Semester Exchange Program,Instagram,25–35 Age,142451,6326,1430,782,396,65523,2443483,North India
2024-10-09,AD005,Semester Exchange Program,Instagram,22–27 Age,54463,3186,540,317,161,38379,865327,East India
2024-10-10,AD005,Semester Exchange Program,Instagram,25–35 Age,139686,5412,1042,509,290,75836,1654751,East India
2024-10-11,AD005,Semester Exchange Program,Instagram,25–35 Age,120409,4489,780,484,246,110563,1888857,East India
2024-10-12,AD005,Semester Exchange Program,Instagram,17–21 Age,216016,10639,1987,1050,475,139364,1826452,South India
2024-10-13,AD005,Semester Exchange Program,Instagram,17–21 Age,58912,4326,782,498,295,48217,1214181,South India
2024-10-14,AD005,Semester Exchange Program,Instagram,22–27 Age,202717,6817,1069,693,358,116989,1522258,West India
2024-10-15,AD005,Semester Exchange Program,Instagram,22–27 Age,251656,18834,3343,1918,1080,241798,7037867,South India
2024-10-16,AD005,Semester Exchange Program,Instagram,17–21 Age,199622,6041,993,525,228,176722,988512,South India
2024-10-17,AD005,Semester Exchange Program,Instagram,25–35 Age,69381,3391,607,363,166,49757,578095,Pan India
2024-10-18,AD005,Semester Exchange Program,Instagram,17–21 Age,287101,12759,2552,1493,878,208157,4202663,North India
2024-10-19,AD005,Semester Exchange Program,Instagram,17–21 Age,184878,12850,2357,1514,788,119294,4620821,East India
2024-10-20,AD005,Semester Exchange Program,Instagram,22–27 Age,92994,4254,1025,663,325,63510,1979291,West India
2024-10-21,AD005,Semester Exchange Program,Instagram,25–35 Age,122794,7849,1907,1022,609,115045,2146534,East India
2024-10-22,AD005,Semester Exchange Program,Instagram,17–21 Age,91570,6739,1285,721,353,79415,2003387,West India
2024-10-23,AD005,Semester Exchange Program,Instagram,25–35 Age,136044,5700,1277,576,315,81290,1260960,West India
2024-10-24,AD005,Semester Exchange Program,Instagram,22–27 Age,167984,5400,1206,563,278,99049,1366324,East India
2024-10-25,AD005,Semester Exchange Program,Instagram,22–27 Age,95036,5272,948,435,238,52510,1552232,North India
2024-10-26,AD005,Semester Exchange Program,Instagram,25–35 Age,59294,3218,771,376,216,51408,827193,West India
2024-10-27,AD005,Semester Exchange Program,Instagram,22–27 Age,130677,9462,1831,969,562,89432,2487761,North India
2024-10-28,AD005,Semester Exchange Program,Instagram,22–27 Age,97058,3274,651,375,190,45063,895882,Pan India
2024-10-29,AD005,Semester Exchange Program,Instagram,17–21 Age,179478,6773,1044,667,270,91661,2080724,North India
2024-10-30,AD005,Semester Exchange Program,Instagram,25–35 Age,281673,15379,3271,1753,1035,204310,3459762,South India
2024-10-31,AD005,Semester Exchange Program,Instagram,25–35 Age,116450,6235,1558,824,360,65629,1949669,South India
2024-11-01,AD005,Semester Exchange Program,Instagram,17–21 Age,225961,14171,3221,1819,993,168278,3222208,North India
2024-11-02,AD005,Semester Exchange Program,Instagram,25–35 Age,106756,7681,1748,926,405,72448,1950812,Pan India
2024-11-03,AD005,Semester Exchange Program,Instagram,17–21 Age,232832,9147,1633,749,397,193724,3007991,South India
2024-11-04,AD005,Semester Exchange Program,Instagram,22–27 Age,283483,9399,2257,1289,646,152209,2606458,Pan India
2024-11-05,AD005,Semester Exchange Program,Instagram,25–35 Age,239123,8684,1946,1221,722,204002,2714132,North India
2024-11-06,AD005,Semester Exchange Program,Instagram,25–35 Age,276380,16064,2534,1232,551,170391,3092024,East India
2024-11-07,AD005,Semester Exchange Program,Instagram,17–21 Age,270180,14454,3258,1917,990,268873,6443869,West India
2024-11-08,AD005,Semester Exchange Program,Instagram,17–21 Age,286662,11043,1712,779,318,131185,1392508,East India
2024-11-09,AD005,Semester Exchange Program,Instagram,22–27 Age,181568,10036,2164,1043,557,105289,2943847,Pan India
2024-11-10,AD005,Semester Exchange Program,Instagram,17–21 Age,55161,1674,327,182,93,27683,419255,North India
2024-11-11,AD005,Semester Exchange Program,Instagram,25–35 Age,146332,7956,1417,687,389,145599,1883807,East India
2024-11-12,AD005,Semester Exchange Program,Instagram,17–21 Age,283452,10161,2461,1357,599,241562,2333254,East India
2024-11-13,AD005,Semester Exchange Program,Instagram,17–21 Age,266279,21175,3231,1568,646,219965,2905813,East India
2024-11-14,AD005,Semester Exchange Program,Instagram,25–35 Age,126096,4710,786,422,172,75860,757099,Pan India
2024-11-15,AD005,Semester Exchange Program,Instagram,22–27 Age,72191,4406,911,578,345,56628,1560935,West India
2024-11-16,AD005,Semester Exchange Program,Instagram,25–35 Age,102772,7546,1445,670,401,91992,2282140,Pan India
2024-11-17,AD005,Semester Exchange Program,Instagram,22–27 Age,110873,5990,1401,803,465,86113,2382488,Pan India
2024-11-18,AD005,Semester Exchange Program,Instagram,17–21 Age,204362,14066,3141,1562,659,184747,3568654,South India
2024-11-19,AD005,Semester Exchange Program,Instagram,17–21 Age,180572,12720,2814,1384,578,137202,3495164,West India
2024-11-20,AD005,Semester Exchange Program,Instagram,25–35 Age,193929,13873,3062,1471,874,161155,6776186,West India
2024-11-21,AD005,Semester Exchange Program,Instagram,25–35 Age,82283,2921,481,235,130,76726,415138,North India
2024-11-22,AD005,Semester Exchange Program,Instagram,25–35 Age,192091,11604,2347,1104,643,125058,4406790,West India
2024-11-23,AD005,Semester Exchange Program,Instagram,25–35 Age,65161,2390,561,334,173,46010,825434,South India
2024-11-24,AD005,Semester Exchange Program,Instagram,22–27 Age,273486,9563,1760,876,515,230126,3733798,Pan India
2024-11-25,AD005,Semester Exchange Program,Instagram,22–27 Age,69058,3605,672,383,211,46790,1676078,South India
2024-11-26,AD005,Semester Exchange Program,Instagram,22–27 Age,91853,6881,1240,672,277,44008,1877094,North India
2024-11-27,AD005,Semester Exchange Program,Instagram,17–21 Age,90600,5028,1186,602,308,73545,1650695,East India
2024-11-28,AD005,Semester Exchange Program,Instagram,22–27 Age,175761,5318,1233,657,374,116486,2032416,South India
2024-11-29,AD005,Semester Exchange Program,Instagram,22–27 Age,255808,20215,4403,2084,1238,219726,5687976,West India
2024-11-30,AD005,Semester Exchange Program,Instagram,22–27 Age,80454,5850,1090,544,298,70152,1542619,Pan India
2024-12-01,AD005,Semester Exchange Program,Instagram,17–21 Age,197437,15661,3170,2036,967,127000,3380862,East India
2024-12-02,AD005,Semester Exchange Program,Instagram,25–35 Age,89542,6519,1086,697,285,60866,1813988,East India
2024-12-03,AD005,Semester Exchange Program,Instagram,17–21 Age,264827,17541,3210,1832,918,239779,4492737,North India
2024-12-04,AD005,Semester Exchange Program,Instagram,25–35 Age,246484,15426,3748,2056,1100,197908,3733898,North India
2024-12-05,AD005,Semester Exchange Program,Instagram,22–27 Age,166847,6747,1403,818,471,125047,1803265,Pan India
2024-12-06,AD005,Semester Exchange Program,Instagram,17–21 Age,159764,8942,1411,644,294,90589,1354157,Pan India
2024-12-07,AD005,Semester Exchange Program,Instagram,22–27 Age,102163,5048,1064,661,327,60848,2575368,West India
2024-12-08,AD005,Semester Exchange Program,Instagram,25–35 Age,126853,7221,1286,797,398,50967,2508470,West India
2024-12-09,AD005,Semester Exchange Program,Instagram,25–35 Age,220003,12964,2716,1272,714,149925,5270433,East India
2024-12-10,AD005,Semester Exchange Program,Instagram,22–27 Age,201824,7307,1450,689,362,150906,1905071,Pan India
2024-12-11,AD005,Semester Exchange Program,Instagram,17–21 Age,250260,19853,3492,1798,784,135507,2906425,West India
2024-12-12,AD005,Semester Exchange Program,Instagram,25–35 Age,135664,4928,1186,699,396,57126,2556577,West India
2024-12-13,AD005,Semester Exchange Program,Instagram,25–35 Age,160397,9855,1850,945,509,66688,2358768,Pan India
2024-12-14,AD005,Semester Exchange Program,Instagram,22–27 Age,79723,3466,546,277,162,45008,714695,Pan India
2024-12-15,AD005,Semester Exchange Program,Instagram,25–35 Age,152326,8620,2136,1366,558,144404,4066244,North India
2024-12-16,AD005,Semester Exchange Program,Instagram,25–35 Age,215008,12718,3010,1775,928,185495,5966829,North India
2024-12-17,AD005,Semester Exchange Program,Instagram,25–35 Age,226154,6787,1355,775,413,127284,3048286,East India
2024-12-18,AD005,Semester Exchange Program,Instagram,17–21 Age,65380,3622,886,466,197,38281,618936,East India
2024-12-19,AD005,Semester Exchange Program,Instagram,22–27 Age,64816,4503,783,385,198,36917,1292747,South India
2024-12-20,AD005,Semester Exchange Program,Instagram,25–35 Age,129732,6744,1532,866,459,59861,3616448,North India
2024-12-21,AD005,Semester Exchange Program,Instagram,25–35 Age,191010,6685,1113,682,386,84243,2143081,East India
2024-12-22,AD005,Semester Exchange Program,Instagram,22–27 Age,68302,2222,383,243,139,55070,866752,West India
2024-12-23,AD005,Semester Exchange Program,Instagram,22–27 Age,148429,6118,1413,782,344,93856,1316378,North India
2024-12-24,AD005,Semester Exchange Program,Instagram,22–27 Age,130005,7572,1183,758,342,52249,2407661,South India
2024-12-25,AD005,Semester Exchange Program,Instagram,25–35 Age,188671,14836,3690,2154,921,187239,5745146,West India
2024-12-26,AD005,Semester Exchange Program,Instagram,22–27 Age,210372,8399,1694,973,468,119551,3244204,South India
2024-12-27,AD005,Semester Exchange Program,Instagram,17–21 Age,242821,11287,2295,1202,698,99352,4449421,Pan India
2024-12-28,AD005,Semester Exchange Program,Instagram,22–27 Age,203553,16070,3160,1749,804,85165,4136750,West India
2024-12-29,AD005,Semester Exchange Program,Instagram,17–21 Age,76603,5356,1267,651,332,45530,1938587,West India
2024-12-30,AD005,Semester Exchange Program,Instagram,22–27 Age,170097,6950,1199,740,397,123129,2422517,South India
2024-12-31,AD005,Semester Exchange Program,Instagram,22–27 Age,131701,9179,1437,927,505,59393,3247013,Pan India
2025-01-01,AD003,Placements,LinkedIn,22–27 Age,279530,19894,3599,2203,1218,273390,8583247,South India
2025-01-02,AD003,Placements,LinkedIn,17–21 Age,107357,3850,660,404,170,64298,639111,West India
2025-01-03,AD003,Placements,LinkedIn,25–35 Age,234568,11507,2233,1415,677,228210,3116135,West India
2025-01-04,AD003,Placements,LinkedIn,25–35 Age,118873,6602,1257,706,337,88250,1510928,West India
2025-01-05,AD003,Placements,LinkedIn,22–27 Age,65935,3337,635,299,144,33689,618177,Pan India
2025-01-06,AD003,Placements,LinkedIn,25–35 Age,98052,5653,1278,620,365,66528,2071736,East India
2025-01-07,AD003,Placements,LinkedIn,22–27 Age,131378,7546,1518,715,293,83251,1142013,Pan India
2025-01-08,AD003,Placements,LinkedIn,22–27 Age,262420,14446,3479,2040,966,119192,6335109,West India
2025-01-09,AD003,Placements,LinkedIn,25–35 Age,153266,6717,1640,966,430,153150,2013145,Pan India
2025-01-10,AD003,Placements,LinkedIn,22–27 Age,70209,2239,511,331,185,54632,1173023,South India
2025-01-11,AD003,Placements,LinkedIn,22–27 Age,125823,6100,1244,598,263,78509,1955713,South India
2025-01-12,AD003,Placements,LinkedIn,25–35 Age,203716,6420,1047,499,199,165278,840798,West India
2025-01-13,AD003,Placements,LinkedIn,22–27 Age,146482,4711,931,572,338,141930,2174372,North India
2025-01-14,AD003,Placements,LinkedIn,22–27 Age,266480,8507,1449,740,346,179057,2625758,Pan India
2025-01-15,AD003,Placements,LinkedIn,22–27 Age,119877,5157,853,489,196,55662,601880,East India
2025-01-16,AD003,Placements,LinkedIn,25–35 Age,258617,11130,2706,1265,634,220389,3969228,East India
2025-01-17,AD003,Placements,LinkedIn,25–35 Age,286009,20719,3174,1988,1183,159981,5016567,North India
2025-01-18,AD003,Placements,LinkedIn,22–27 Age,143217,6695,1166,607,327,67854,1547241,South India
2025-01-19,AD003,Placements,LinkedIn,22–27 Age,72167,3593,602,351,197,70366,1134509,East India
2025-01-20,AD003,Placements,LinkedIn,22–27 Age,239490,16490,2821,1500,857,231253,2591071,Pan India
2025-01-21,AD003,Placements,LinkedIn,22–27 Age,114858,8995,2140,1042,585,109054,3742052,Pan India
2025-01-22,AD003,Placements,LinkedIn,25–35 Age,287469,15650,3709,1899,784,253283,2874025,West India
2025-01-23,AD003,Placements,LinkedIn,22–27 Age,160382,12822,2675,1467,670,98851,3011981,Pan India
2025-01-24,AD003,Placements,LinkedIn,22–27 Age,87341,6016,1290,669,315,35139,2092169,East India
2025-01-25,AD003,Placements,LinkedIn,22–27 Age,184938,6118,1450,865,478,132227,1439934,North India
2025-01-26,AD003,Placements,LinkedIn,22–27 Age,63670,3261,779,463,260,57921,1810451,North India
2025-01-27,AD003,Placements,LinkedIn,17–21 Age,182711,13431,2341,1427,816,123017,5356819,North India
2025-01-28,AD003,Placements,LinkedIn,17–21 Age,228212,18002,4371,2526,1404,140065,6510696,South India
2025-01-29,AD003,Placements,LinkedIn,25–35 Age,258910,20306,3105,1415,615,196117,4520782,East India
2025-01-30,AD003,Placements,LinkedIn,17–21 Age,90143,2803,540,314,175,40657,1007449,Pan India
2025-01-31,AD003,Placements,LinkedIn,22–27 Age,85144,3382,587,296,155,42903,564840,Pan India
2025-02-01,AD003,Placements,LinkedIn,25–35 Age,247492,18132,4384,2710,1613,189072,6367802,East India
2025-02-02,AD003,Placements,LinkedIn,25–35 Age,131901,8460,1385,816,412,123943,2536624,East India
2025-02-03,AD003,Placements,LinkedIn,25–35 Age,228466,8425,1286,782,385,169210,1194708,East India
2025-02-04,AD003,Placements,LinkedIn,17–21 Age,224736,14914,3722,2167,1264,217968,3957313,West India
2025-02-05,AD003,Placements,LinkedIn,25–35 Age,169022,13204,3261,1590,892,147597,2727577,West India
2025-02-06,AD003,Placements,LinkedIn,17–21 Age,171440,12089,2871,1782,734,118812,2681533,North India
2025-02-07,AD003,Placements,LinkedIn,25–35 Age,157459,9897,2312,1209,650,142697,2825372,North India
2025-02-08,AD003,Placements,LinkedIn,22–27 Age,65423,3275,709,417,179,31628,642831,Pan India
2025-02-09,AD003,Placements,LinkedIn,25–35 Age,194699,6867,1321,634,310,138100,2251051,East India
2025-02-10,AD003,Placements,LinkedIn,17–21 Age,258921,15451,3155,1580,846,123849,2990117,South India
2025-02-11,AD003,Placements,LinkedIn,22–27 Age,127232,9034,1736,1112,517,111617,3367905,East India
2025-02-12,AD003,Placements,LinkedIn,17–21 Age,183701,10838,1745,807,469,163800,2978653,Pan India
2025-02-13,AD003,Placements,LinkedIn,17–21 Age,61637,4452,790,460,264,35763,1837128,South India
2025-02-14,AD003,Placements,LinkedIn,17–21 Age,115475,6434,1594,911,456,55075,1536942,East India
2025-02-15,AD003,Placements,LinkedIn,17–21 Age,242487,10557,1644,940,476,137455,2658068,North India
2025-02-16,AD003,Placements,LinkedIn,25–35 Age,236585,7923,1495,848,467,129801,3083696,East India
2025-02-17,AD003,Placements,LinkedIn,22–27 Age,109605,8284,1935,1132,663,61086,2830035,Pan India
2025-02-18,AD003,Placements,LinkedIn,17–21 Age,59185,4390,1044,588,283,39768,1548093,North India
2025-02-19,AD003,Placements,LinkedIn,17–21 Age,183593,5650,1015,541,288,78874,867565,Pan India
2025-02-20,AD003,Placements,LinkedIn,22–27 Age,115658,6141,1182,685,302,81668,2031836,South India
2025-02-21,AD003,Placements,LinkedIn,25–35 Age,125536,6373,1242,763,414,81484,3091571,South India
2025-02-22,AD003,Placements,LinkedIn,25–35 Age,279784,19574,4822,2939,1343,143229,6633392,North India
2025-02-23,AD003,Placements,LinkedIn,22–27 Age,141610,8320,1667,1053,595,71547,4297340,South India
2025-02-24,AD003,Placements,LinkedIn,25–35 Age,145064,7505,1364,661,346,74278,1181975,South India
2025-02-25,AD003,Placements,LinkedIn,17–21 Age,298028,20642,4696,2781,1630,284889,11577296,East India
2025-02-26,AD003,Placements,LinkedIn,22–27 Age,82925,5003,1088,544,317,49214,2410737,East India
2025-02-27,AD003,Placements,LinkedIn,22–27 Age,113983,4651,940,445,184,79831,692151,North India
2025-02-28,AD003,Placements,LinkedIn,25–35 Age,103093,3235,665,347,181,70780,1258576,North India
2025-03-01,AD003,Placements,LinkedIn,17–21 Age,53653,2463,459,282,149,37105,1030119,East India
2025-03-02,AD003,Placements,LinkedIn,17–21 Age,231442,13709,2805,1555,749,207424,4028445,West India
2025-03-03,AD003,Placements,LinkedIn,25–35 Age,134246,8250,1329,727,429,78290,2346719,West India
2025-03-04,AD003,Placements,LinkedIn,17–21 Age,131176,5409,1273,750,449,67190,3326521,South India
2025-03-05,AD003,Placements,LinkedIn,25–35 Age,75507,4191,800,373,220,68079,1653603,South India
2025-03-06,AD003,Placements,LinkedIn,22–27 Age,188977,11714,2647,1690,798,113365,5029868,East India
2025-03-07,AD003,Placements,LinkedIn,22–27 Age,252677,9888,1997,964,578,105631,3700569,North India
2025-03-08,AD003,Placements,LinkedIn,17–21 Age,146366,8269,1633,979,429,108116,2625145,East India
2025-03-09,AD003,Placements,LinkedIn,25–35 Age,134757,6182,1265,682,294,74427,1368571,West India
2025-03-10,AD003,Placements,LinkedIn,22–27 Age,258417,18909,4020,2269,1059,140622,7367765,North India
2025-03-11,AD003,Placements,LinkedIn,22–27 Age,209874,11904,2886,1634,908,156283,4945753,Pan India
2025-03-12,AD003,Placements,LinkedIn,17–21 Age,142999,4752,762,444,200,92319,795253,Pan India
2025-03-13,AD003,Placements,LinkedIn,17–21 Age,250958,19914,4316,2505,1303,101671,4200194,Pan India
2025-03-14,AD003,Placements,LinkedIn,22–27 Age,286615,14860,3405,1582,809,174371,6056441,North India
2025-03-15,AD003,Placements,LinkedIn,17–21 Age,184520,9112,2248,1022,476,93561,2941653,North India
2025-03-16,AD003,Placements,LinkedIn,22–27 Age,143329,8242,2029,1135,533,135105,2328048,Pan India
2025-03-17,AD003,Placements,LinkedIn,17–21 Age,265195,10327,2049,1182,589,179629,4703748,South India
2025-03-18,AD003,Placements,LinkedIn,17–21 Age,122661,9777,2435,1113,594,87088,4550063,South India
2025-03-19,AD003,Placements,LinkedIn,25–35 Age,256063,19097,2939,1547,914,201254,5172876,East India
2025-03-20,AD003,Placements,LinkedIn,22–27 Age,107546,4153,907,465,194,97758,602707,West India
2025-03-21,AD003,Placements,LinkedIn,25–35 Age,171811,7500,1283,812,351,97293,2485360,Pan India
2025-03-22,AD003,Placements,LinkedIn,25–35 Age,299755,10495,1933,948,547,136255,3682669,East India
2025-03-23,AD003,Placements,LinkedIn,25–35 Age,196757,9869,2126,1008,595,188439,4032011,North India
2025-03-24,AD003,Placements,LinkedIn,22–27 Age,99084,7882,1585,875,446,56260,3403229,Pan India
2025-03-25,AD003,Placements,LinkedIn,22–27 Age,151038,4667,856,417,238,81008,1443401,Pan India
2025-03-26,AD003,Placements,LinkedIn,22–27 Age,261569,10863,2582,1521,869,245885,3687397,Pan India
2025-03-27,AD003,Placements,LinkedIn,22–27 Age,242681,16801,3043,1834,1029,237908,7686272,Pan India
2025-03-28,AD003,Placements,LinkedIn,17–21 Age,141344,6626,1362,827,451,134142,1833932,South India
2025-03-29,AD003,Placements,LinkedIn,22–27 Age,229820,11047,2019,1120,565,204935,2057875,East India
2025-03-30,AD003,Placements,LinkedIn,25–35 Age,67576,2896,633,348,156,59665,761452,North India
2025-03-31,AD003,Placements,LinkedIn,22–27 Age,203412,13404,3282,1607,645,201829,2389204,North India
2025-04-01,AD003,Placements,LinkedIn,22–27 Age,188004,6449,1209,590,328,130079,1460236,West India
2025-04-02,AD003,Placements,LinkedIn,22–27 Age,126338,5512,1277,670,387,68198,1772957,Pan India
2025-04-03,AD003,Placements,LinkedIn,22–27 Age,183191,6099,1415,770,397,74337,1467961,North India
2025-04-04,AD003,Placements,LinkedIn,22–27 Age,84849,3217,556,340,176,58482,1379402,Pan India
2025-04-05,AD003,Placements,LinkedIn,25–35 Age,197504,8509,1516,789,455,104867,3305229,Pan India
2025-04-06,AD003,Placements,LinkedIn,25–35 Age,69154,4707,1042,628,284,35917,1254290,West India
2025-04-07,AD003,Placements,LinkedIn,22–27 Age,289761,22640,4750,2972,1259,178162,4800374,Pan India
2025-04-08,AD003,Placements,LinkedIn,22–27 Age,110803,4456,876,468,219,101062,951963,North India
2025-04-09,AD003,Placements,LinkedIn,22–27 Age,239425,15902,2926,1870,851,148343,5872468,North India
2025-04-10,AD003,Placements,LinkedIn,17–21 Age,70240,5540,925,577,307,40196,1662472,South India
2025-04-11,AD003,Placements,LinkedIn,25–35 Age,138678,6834,1173,590,294,98500,1157268,East India
2025-04-12,AD003,Placements,LinkedIn,22–27 Age,263247,19300,3627,2251,1126,214029,8518494,West India
2025-04-13,AD003,Placements,LinkedIn,17–21 Age,171458,10003,1964,1248,648,93165,4778047,East India
2025-04-14,AD003,Placements,LinkedIn,22–27 Age,172696,13622,2087,1215,682,172286,4380214,North India
2025-04-15,AD003,Placements,LinkedIn,17–21 Age,254916,18774,2891,1575,935,166573,5819811,Pan India
2025-04-16,AD003,Placements,LinkedIn,17–21 Age,297311,12824,2266,1065,566,177196,4455321,South India
2025-04-17,AD003,Placements,LinkedIn,22–27 Age,187876,14537,3326,1964,1057,100656,4478373,Pan India
2025-04-18,AD003,Placements,LinkedIn,17–21 Age,286470,17503,2821,1744,734,214087,2364929,South India
2025-04-19,AD003,Placements,LinkedIn,22–27 Age,162404,11970,2624,1217,633,107824,4731469,Pan India
2025-04-20,AD003,Placements,LinkedIn,25–35 Age,70773,2354,502,320,137,37945,641297,South India
2025-04-21,AD003,Placements,LinkedIn,25–35 Age,92159,7283,1706,985,420,83018,3155987,West India
2025-04-22,AD003,Placements,LinkedIn,17–21 Age,214210,12044,2322,1116,510,92410,4047072,East India
2025-04-23,AD003,Placements,LinkedIn,17–21 Age,89597,3957,914,497,220,56902,917613,East India
2025-04-24,AD003,Placements,LinkedIn,22–27 Age,219815,15931,2530,1544,888,106057,6164864,Pan India
2025-04-25,AD003,Placements,LinkedIn,17–21 Age,155800,6865,1272,765,363,69361,1831892,East India
2025-04-26,AD003,Placements,LinkedIn,25–35 Age,78865,2545,595,378,152,70156,1136109,Pan India
2025-04-27,AD003,Placements,LinkedIn,25–35 Age,106441,7731,1827,1072,449,93060,1626664,Pan India
2025-04-28,AD003,Placements,LinkedIn,22–27 Age,108582,6075,1445,861,472,61992,2863429,South India
2025-04-29,AD003,Placements,LinkedIn,22–27 Age,203313,15538,2353,1144,655,145045,4987054,West India
2025-04-30,AD003,Placements,LinkedIn,25–35 Age,220384,8142,1402,907,369,152035,2102560,Pan India
2025-05-01,AD002,MBA Admission,Facebook,21–35 Age,240139,11309,1987,1165,696,180456,4208818,Pan India
2025-05-01,AD003,Placements,LinkedIn,22–27 Age,289903,22942,4003,2536,1136,276282,6468438,East India
2025-05-02,AD002,MBA Admission,Facebook,21–35 Age,145953,6934,1681,974,435,80170,2531629,West India
2025-05-02,AD003,Placements,LinkedIn,17–21 Age,224774,8087,1510,927,437,144247,2806122,Pan India
2025-05-03,AD002,MBA Admission,Facebook,21–35 Age,125764,4601,978,630,302,67772,2349380,North India
2025-05-03,AD003,Placements,LinkedIn,22–27 Age,283215,9156,1720,956,382,274488,1491751,East India
2025-05-04,AD002,MBA Admission,Facebook,21–35 Age,254360,11109,2734,1480,668,226645,2792260,North India
2025-05-04,AD003,Placements,LinkedIn,25–35 Age,67770,4813,744,355,155,62523,1032514,South India
2025-05-05,AD002,MBA Admission,Facebook,21–35 Age,208578,12706,2381,1311,655,116823,2987312,West India
2025-05-05,AD003,Placements,LinkedIn,22–27 Age,104892,8197,1255,616,347,51519,2149275,East India
2025-05-06,AD002,MBA Admission,Facebook,21–35 Age,174201,12488,2889,1838,796,133968,4993434,West India
2025-05-06,AD003,Placements,LinkedIn,22–27 Age,204932,9551,2028,1175,688,119604,2530464,South India
2025-05-07,AD002,MBA Admission,Facebook,21–35 Age,281251,18428,4606,2913,1585,223350,7253636,Pan India
2025-05-07,AD003,Placements,LinkedIn,22–27 Age,126647,7408,1738,883,464,97271,1785615,Pan India
2025-05-08,AD002,MBA Admission,Facebook,21–35 Age,97979,3175,583,301,168,58564,529564,East India
2025-05-08,AD003,Placements,LinkedIn,25–35 Age,154994,5796,1347,863,431,121039,2196417,South India
2025-05-09,AD002,MBA Admission,Facebook,21–35 Age,258980,19662,3598,1763,758,228072,4909074,North India
2025-05-09,AD003,Placements,LinkedIn,22–27 Age,108431,6177,1134,595,240,100524,897404,East India
2025-05-10,AD002,MBA Admission,Facebook,21–35 Age,51259,3592,541,312,131,24424,722680,Pan India
2025-05-10,AD003,Placements,LinkedIn,22–27 Age,128908,5068,994,535,273,101892,1320648,Pan India
2025-05-11,AD002,MBA Admission,Facebook,21–35 Age,107884,5598,1238,596,240,51644,862353,South India
2025-05-11,AD003,Placements,LinkedIn,22–27 Age,281759,18036,3182,2035,1042,149264,7035403,Pan India
2025-05-12,AD002,MBA Admission,Facebook,21–35 Age,109219,6309,1002,621,302,80142,1535750,Pan India
2025-05-12,AD003,Placements,LinkedIn,17–21 Age,56655,3075,664,314,152,22690,1129548,Pan India
2025-05-13,AD002,MBA Admission,Facebook,21–35 Age,127468,5926,1247,622,336,101926,1859497,North India
2025-05-13,AD003,Placements,LinkedIn,22–27 Age,263989,20499,4960,3112,1581,241711,10422583,East India
2025-05-14,AD002,MBA Admission,Facebook,21–35 Age,216556,14437,2858,1623,754,187568,2602263,North India
2025-05-14,AD003,Placements,LinkedIn,25–35 Age,176419,6312,1409,877,517,156086,3922073,North India
2025-05-15,AD002,MBA Admission,Facebook,21–35 Age,104288,4814,768,360,179,86527,937903,West India
2025-05-15,AD003,Placements,LinkedIn,25–35 Age,246319,18568,2933,1874,956,223804,5348862,Pan India
2025-05-16,AD002,MBA Admission,Facebook,21–35 Age,272620,19195,3980,1800,723,190014,4634332,East India
2025-05-16,AD003,Placements,LinkedIn,17–21 Age,135416,9754,1804,831,444,111777,2526118,West India
2025-05-17,AD002,MBA Admission,Facebook,21–35 Age,205846,16047,2839,1461,602,109112,3266643,Pan India
2025-05-17,AD003,Placements,LinkedIn,17–21 Age,277369,9937,2473,1558,780,197983,4085032,West India
2025-05-18,AD002,MBA Admission,Facebook,21–35 Age,73028,3043,537,345,157,45541,698668,North India
2025-05-18,AD003,Placements,LinkedIn,17–21 Age,154431,8758,1526,770,401,67379,3182834,South India
2025-05-19,AD002,MBA Admission,Facebook,21–35 Age,129271,8596,1731,909,413,61224,3212616,East India
2025-05-19,AD003,Placements,LinkedIn,25–35 Age,294707,9304,1777,925,464,171711,1435656,Pan India
2025-05-20,AD002,MBA Admission,Facebook,21–35 Age,163842,7426,1233,778,374,74195,2531864,North India
2025-05-20,AD003,Placements,LinkedIn,25–35 Age,170906,10548,1817,1173,608,123281,2911292,Pan India
2025-05-21,AD002,MBA Admission,Facebook,21–35 Age,61054,3895,951,543,240,25074,1266942,Pan India
2025-05-21,AD003,Placements,LinkedIn,22–27 Age,121352,4064,696,357,180,54959,941034,South India
2025-05-22,AD002,MBA Admission,Facebook,21–35 Age,109881,4764,991,450,232,99135,1580448,North India
2025-05-22,AD003,Placements,LinkedIn,17–21 Age,228338,16682,2885,1390,593,202855,4698879,Pan India
2025-05-23,AD002,MBA Admission,Facebook,21–35 Age,138950,8247,1433,743,371,87585,2275198,East India
2025-05-23,AD003,Placements,LinkedIn,25–35 Age,81571,6335,1288,609,288,69380,1003969,North India
2025-05-24,AD002,MBA Admission,Facebook,21–35 Age,261935,11611,1967,1027,604,209519,3096991,North India
2025-05-24,AD003,Placements,LinkedIn,22–27 Age,107849,6825,1489,749,394,81201,1255932,Pan India
2025-05-25,AD002,MBA Admission,Facebook,21–35 Age,199889,7676,1181,628,295,160449,1422894,East India
2025-05-25,AD003,Placements,LinkedIn,17–21 Age,221701,9472,2148,1063,587,167628,3363822,North India
2025-05-26,AD002,MBA Admission,Facebook,21–35 Age,95432,7312,1525,799,461,75782,2142554,Pan India
2025-05-26,AD003,Placements,LinkedIn,25–35 Age,258060,19102,4745,2505,1316,149089,8726521,Pan India
2025-05-27,AD002,MBA Admission,Facebook,21–35 Age,161958,8826,1937,906,520,70026,3944516,North India
2025-05-27,AD003,Placements,LinkedIn,22–27 Age,298878,16202,3092,1903,1055,156886,7149954,West India
2025-05-28,AD002,MBA Admission,Facebook,21–35 Age,107903,3524,729,457,206,103431,1353200,West India
2025-05-28,AD003,Placements,LinkedIn,22–27 Age,173020,10599,1880,1217,720,77910,3240631,North India
2025-05-29,AD002,MBA Admission,Facebook,21–35 Age,208326,16547,2535,1311,579,128715,2105893,West India
2025-05-29,AD003,Placements,LinkedIn,17–21 Age,254367,11373,2455,1286,523,144783,3534997,Pan India
2025-05-30,AD002,MBA Admission,Facebook,21–35 Age,221642,16515,3805,2059,1044,213044,5794496,East India
2025-05-30,AD003,Placements,LinkedIn,22–27 Age,171248,12218,1850,1118,623,161174,4380151,West India
2025-05-31,AD002,MBA Admission,Facebook,21–35 Age,172441,10888,1929,985,439,111414,2807015,Pan India
2025-05-31,AD003,Placements,LinkedIn,22–27 Age,79898,3387,708,348,144,46054,664446,North India
2025-06-01,AD002,MBA Admission,Facebook,21–35 Age,179655,5969,1158,725,292,107638,1673093,East India
2025-06-02,AD002,MBA Admission,Facebook,21–35 Age,112007,7687,1249,590,333,69690,1849660,Pan India
2025-06-03,AD002,MBA Admission,Facebook,21–35 Age,77080,2952,558,255,145,53641,668676,East India
2025-06-04,AD002,MBA Admission,Facebook,21–35 Age,247271,13740,2356,1075,541,224943,3479855,Pan India
2025-06-05,AD002,MBA Admission,Facebook,21–35 Age,228774,15253,3595,2264,989,192239,3767178,West India
2025-06-06,AD002,MBA Admission,Facebook,21–35 Age,140336,10973,2525,1411,738,101942,3405727,West India
2025-06-07,AD002,MBA Admission,Facebook,21–35 Age,255443,9636,2306,1082,528,108919,1641516,South India
2025-06-08,AD002,MBA Admission,Facebook,21–35 Age,153084,4907,999,538,307,97654,1586488,North India
2025-06-09,AD002,MBA Admission,Facebook,21–35 Age,114699,4802,801,375,175,79600,1126491,South India
2025-06-10,AD002,MBA Admission,Facebook,21–35 Age,228607,11316,2761,1577,831,199080,5513048,West India
2025-06-11,AD002,MBA Admission,Facebook,21–35 Age,115246,7658,1593,756,338,111946,2482397,South India
2025-06-12,AD002,MBA Admission,Facebook,21–35 Age,265508,9396,1593,898,489,184409,2219085,West India
2025-06-13,AD002,MBA Admission,Facebook,21–35 Age,52092,2486,570,350,191,35364,1423039,South India
2025-06-14,AD002,MBA Admission,Facebook,21–35 Age,287149,12655,2180,1116,601,241882,4227410,East India
2025-06-15,AD002,MBA Admission,Facebook,21–35 Age,149833,7012,1494,738,297,131425,1614620,West India
2025-06-16,AD002,MBA Admission,Facebook,21–35 Age,255927,12698,2565,1291,774,163441,4081467,West India
2025-06-17,AD002,MBA Admission,Facebook,21–35 Age,234335,11764,1932,992,435,164277,1544375,East India
2025-06-18,AD002,MBA Admission,Facebook,21–35 Age,146202,11655,2425,1140,460,79711,2166582,North India
2025-06-19,AD002,MBA Admission,Facebook,21–35 Age,169807,5900,1002,543,271,167494,1293759,West India
2025-06-20,AD002,MBA Admission,Facebook,21–35 Age,51060,2259,559,276,121,41121,556625,Pan India
2025-06-21,AD002,MBA Admission,Facebook,21–35 Age,299910,23654,5219,2461,1471,147277,7040895,East India
2025-06-22,AD002,MBA Admission,Facebook,21–35 Age,118757,6909,1251,711,363,97101,2733839,East India
2025-06-23,AD002,MBA Admission,Facebook,21–35 Age,215965,16744,3264,1645,772,138967,3706915,Pan India
2025-06-24,AD002,MBA Admission,Facebook,21–35 Age,251296,15390,3332,1741,721,235594,5070650,Pan India
2025-06-25,AD002,MBA Admission,Facebook,21–35 Age,58479,3449,525,332,138,36555,944562,Pan India
2025-06-26,AD002,MBA Admission,Facebook,21–35 Age,89905,4837,875,550,241,51333,1062504,Pan India
2025-06-27,AD002,MBA Admission,Facebook,21–35 Age,92090,5092,879,474,260,84474,1445950,Pan India
2025-06-28,AD002,MBA Admission,Facebook,21–35 Age,118966,6945,1680,1063,602,86687,1924916,North India
2025-06-29,AD002,MBA Admission,Facebook,21–35 Age,54787,2701,414,256,108,23226,639600,Pan India
2025-06-30,AD002,MBA Admission,Facebook,21–35 Age,81314,3799,757,427,191,47761,1085518,East India
2025-07-01,AD002,MBA Admission,Facebook,21–35 Age,92036,5655,1370,718,314,63224,1366952,Pan India
2025-07-02,AD002,MBA Admission,Facebook,21–35 Age,269403,18663,4144,2502,1360,150892,8181786,South India
2025-07-03,AD002,MBA Admission,Facebook,21–35 Age,56759,4315,975,572,279,47812,1401844,Pan India
2025-07-04,AD002,MBA Admission,Facebook,21–35 Age,294725,14169,3083,1956,783,267574,2450852,East India
2025-07-05,AD002,MBA Admission,Facebook,21–35 Age,284349,9408,1926,1228,734,145135,3166145,Pan India
2025-07-06,AD002,MBA Admission,Facebook,21–35 Age,215773,11011,2592,1638,787,114990,3955862,East India
2025-07-07,AD002,MBA Admission,Facebook,21–35 Age,265814,18135,3413,1802,979,178984,4945617,Pan India
2025-07-08,AD002,MBA Admission,Facebook,21–35 Age,254425,11942,2510,1384,700,163582,5486851,North India
2025-07-09,AD002,MBA Admission,Facebook,21–35 Age,259369,9336,2252,1107,588,154590,3499060,South India
2025-07-10,AD002,MBA Admission,Facebook,21–35 Age,221044,13069,2745,1298,558,160690,3236188,North India
2025-07-11,AD002,MBA Admission,Facebook,21–35 Age,94706,5747,890,494,278,65416,2144560,Pan India
2025-07-12,AD002,MBA Admission,Facebook,21–35 Age,176503,10957,1846,985,397,145083,1468397,East India
2025-07-13,AD002,MBA Admission,Facebook,21–35 Age,237358,14516,2484,1272,548,133175,4227791,South India
2025-07-14,AD002,MBA Admission,Facebook,21–35 Age,50848,3877,825,405,190,43222,1323601,West India
2025-07-15,AD002,MBA Admission,Facebook,21–35 Age,96272,7109,1160,673,373,61170,1645197,Pan India
2025-07-16,AD002,MBA Admission,Facebook,21–35 Age,163136,7760,1293,616,309,81536,1996808,South India
2025-07-17,AD002,MBA Admission,Facebook,21–35 Age,224881,13220,2919,1678,726,209811,4054986,South India
2025-07-18,AD002,MBA Admission,Facebook,21–35 Age,107896,6609,1436,892,459,104215,2367563,East India
2025-07-19,AD002,MBA Admission,Facebook,21–35 Age,100529,3042,580,326,173,52428,1269806,East India
2025-07-20,AD002,MBA Admission,Facebook,21–35 Age,59847,4601,734,338,157,24580,524653,North India
2025-07-21,AD002,MBA Admission,Facebook,21–35 Age,183044,9780,2113,1094,518,149648,2135225,East India
2025-07-22,AD002,MBA Admission,Facebook,21–35 Age,295519,20154,3461,1995,1138,221471,8555770,North India
2025-07-23,AD002,MBA Admission,Facebook,21–35 Age,102281,7277,1524,814,398,41675,2247548,North India
2025-07-24,AD002,MBA Admission,Facebook,21–35 Age,69228,2248,378,231,127,47889,980730,North India
2025-07-25,AD002,MBA Admission,Facebook,21–35 Age,195078,11378,2824,1362,720,101190,4473022,North India
2025-07-26,AD002,MBA Admission,Facebook,21–35 Age,98148,6924,1556,839,415,82010,2689713,East India
2025-07-27,AD002,MBA Admission,Facebook,21–35 Age,288669,16685,2685,1692,697,197363,2266273,West India
2025-07-28,AD002,MBA Admission,Facebook,21–35 Age,228940,7307,1297,812,445,100965,1835902,South India
2025-07-29,AD002,MBA Admission,Facebook,21–35 Age,103373,6280,1324,665,319,91235,1337660,Pan India
2025-07-30,AD002,MBA Admission,Facebook,21–35 Age,183663,7335,1401,843,357,159534,2405412,Pan India
2025-07-31,AD002,MBA Admission,Facebook,21–35 Age,125289,5916,1354,610,295,81381,2009706,North India
2025-08-01,AD002,MBA Admission,Facebook,21–35 Age,82289,2865,627,344,153,72603,791071,Pan India
2025-08-02,AD002,MBA Admission,Facebook,21–35 Age,122204,4702,1151,571,334,64655,1107201,South India
2025-08-03,AD002,MBA Admission,Facebook,21–35 Age,282568,20991,3160,1720,1027,254929,4693041,North India
2025-08-04,AD002,MBA Admission,Facebook,21–35 Age,276741,8329,2013,1048,550,241422,3218248,West India
2025-08-05,AD002,MBA Admission,Facebook,21–35 Age,276190,8837,1345,850,400,258735,1603909,West India
2025-08-06,AD002,MBA Admission,Facebook,21–35 Age,157823,7462,1653,1051,551,152142,2267468,West India
2025-08-07,AD002,MBA Admission,Facebook,21–35 Age,168164,12919,3045,1753,778,141390,3060298,West India
2025-08-08,AD002,MBA Admission,Facebook,21–35 Age,196818,10477,1940,1106,531,148549,4182575,South India
2025-08-09,AD002,MBA Admission,Facebook,21–35 Age,87549,4272,877,466,259,55979,1264913,North India
2025-08-10,AD002,MBA Admission,Facebook,21–35 Age,209975,7033,1633,987,489,104015,3787589,West India
2025-08-11,AD002,MBA Admission,Facebook,21–35 Age,248579,16137,3772,2122,1032,155529,3706021,North India
2025-08-12,AD002,MBA Admission,Facebook,21–35 Age,105929,6513,1176,544,290,45471,1842642,North India
2025-08-13,AD002,MBA Admission,Facebook,21–35 Age,285906,22490,5143,2920,1595,142185,5142499,North India
2025-08-14,AD002,MBA Admission,Facebook,21–35 Age,114829,6699,1279,675,334,87179,2116901,West India
2025-08-15,AD002,MBA Admission,Facebook,21–35 Age,139439,8820,2115,1244,610,68482,2965372,East India
2025-08-16,AD002,MBA Admission,Facebook,21–35 Age,156143,12051,2488,1574,776,67879,6203500,North India
2025-08-17,AD002,MBA Admission,Facebook,21–35 Age,240812,8480,1398,794,351,97561,2504595,East India
2025-08-18,AD002,MBA Admission,Facebook,21–35 Age,138243,8910,1845,909,537,101459,3422258,South India
2025-08-19,AD002,MBA Admission,Facebook,21–35 Age,218087,9347,2279,1102,475,204861,2934887,East India
2025-08-20,AD002,MBA Admission,Facebook,21–35 Age,120567,7874,1738,882,513,85981,2514071,East India
2025-08-21,AD002,MBA Admission,Facebook,21–35 Age,60672,4419,871,435,245,51459,887744,North India
2025-08-22,AD002,MBA Admission,Facebook,21–35 Age,100402,5050,816,428,214,59444,833257,South India
2025-08-23,AD002,MBA Admission,Facebook,21–35 Age,182510,10026,2101,1067,537,125713,3892044,East India
2025-08-24,AD002,MBA Admission,Facebook,21–35 Age,91784,5762,1342,834,453,53693,2444732,East India
2025-08-25,AD002,MBA Admission,Facebook,21–35 Age,277958,10817,2519,1222,546,258352,3167583,West India
2025-08-26,AD002,MBA Admission,Facebook,21–35 Age,192183,10955,1911,982,531,99989,2721880,South India
2025-08-27,AD002,MBA Admission,Facebook,21–35 Age,263391,15760,2389,1303,686,138919,3426291,West India
2025-08-28,AD002,MBA Admission,Facebook,21–35 Age,272021,16255,3053,1496,719,201326,2668479,Pan India
2025-08-29,AD002,MBA Admission,Facebook,21–35 Age,156442,5047,1081,616,364,81570,1780403,North India
2025-08-30,AD002,MBA Admission,Facebook,21–35 Age,247071,14991,3641,1717,746,196671,5676011,North India
2025-08-31,AD002,MBA Admission,Facebook,21–35 Age,250143,13827,2421,1432,812,246806,4206185,East India
2025-09-01,AD002,MBA Admission,Facebook,21–35 Age,107058,3243,768,451,183,93964,1201913,South India
2025-09-02,AD002,MBA Admission,Facebook,21–35 Age,70747,4626,1107,534,275,61069,943624,South India
2025-09-03,AD002,MBA Admission,Facebook,21–35 Age,239227,14680,3320,1838,874,144170,6122971,Pan India
2025-09-04,AD002,MBA Admission,Facebook,21–35 Age,205200,14587,2970,1688,853,110817,5569955,East India
2025-09-05,AD002,MBA Admission,Facebook,21–35 Age,281976,15138,3583,1682,882,184335,5829282,South India
2025-09-06,AD002,MBA Admission,Facebook,21–35 Age,137599,10631,2329,1429,624,116672,1995280,Pan India
2025-09-07,AD002,MBA Admission,Facebook,21–35 Age,197813,9162,1467,664,331,126647,2242704,North India
2025-09-08,AD002,MBA Admission,Facebook,21–35 Age,183517,8806,1894,1152,607,156011,3701255,West India
2025-09-09,AD002,MBA Admission,Facebook,21–35 Age,92749,6844,1354,704,396,68352,1710347,East India
2025-09-10,AD002,MBA Admission,Facebook,21–35 Age,242936,9558,1983,1172,687,221405,3264776,South India
2025-09-11,AD002,MBA Admission,Facebook,21–35 Age,99617,3517,638,340,165,43282,505160,East India
2025-09-12,AD002,MBA Admission,Facebook,21–35 Age,76637,3191,733,446,203,74481,656001,Pan India
2025-09-13,AD002,MBA Admission,Facebook,21–35 Age,166151,7773,1561,853,511,164748,4031732,East India
2025-09-14,AD002,MBA Admission,Facebook,21–35 Age,107335,5840,883,548,311,91580,1951224,West India
2025-09-15,AD002,MBA Admission,Facebook,21–35 Age,132078,9148,2250,1070,580,89794,2201670,South India
2025-09-16,AD002,MBA Admission,Facebook,21–35 Age,101493,6771,1085,554,279,77122,992341,West India
2025-09-17,AD002,MBA Admission,Facebook,21–35 Age,111983,6950,1441,658,268,90692,1466996,North India
2025-09-18,AD002,MBA Admission,Facebook,21–35 Age,215192,7975,1358,818,362,93532,2116995,North India
2025-09-19,AD002,MBA Admission,Facebook,21–35 Age,261009,19792,4855,2851,1191,193741,8258759,Pan India
2025-09-20,AD002,MBA Admission,Facebook,21–35 Age,197776,11695,1855,1099,619,120119,3111027,Pan India
2025-09-21,AD002,MBA Admission,Facebook,21–35 Age,272006,16516,2535,1364,637,121243,4131057,Pan India
2025-09-22,AD002,MBA Admission,Facebook,21–35 Age,130283,4990,834,405,218,106683,987968,Pan India
2025-09-23,AD002,MBA Admission,Facebook,21–35 Age,135555,6016,1132,528,291,61224,2126630,North India
2025-09-24,AD002,MBA Admission,Facebook,21–35 Age,170800,9993,1997,1153,565,123955,3933315,North India
2025-09-25,AD002,MBA Admission,Facebook,21–35 Age,216281,12275,2743,1436,761,153644,4620520,Pan India
2025-09-26,AD002,MBA Admission,Facebook,21–35 Age,288814,15144,3229,1667,717,184629,5541723,East India
2025-09-27,AD002,MBA Admission,Facebook,21–35 Age,63287,2103,392,234,105,40525,774682,West India
2025-09-28,AD002,MBA Admission,Facebook,21–35 Age,84362,5530,851,502,294,70943,1046903,South India
2025-09-29,AD002,MBA Admission,Facebook,21–35 Age,183268,7046,1579,810,481,179225,2698271,East India
2025-09-30,AD002,MBA Admission,Facebook,21–35 Age,262678,8632,1659,1014,452,114033,3043418,South India
2025-10-01,AD002,MBA Admission,Facebook,21–35 Age,96963,4818,1033,523,239,77183,921081,West India
2025-10-02,AD002,MBA Admission,Facebook,21–35 Age,238932,17897,3400,1696,835,154239,3986006,South India
2025-10-03,AD002,MBA Admission,Facebook,21–35 Age,86613,4270,804,520,293,81879,2002746,South India
2025-10-04,AD002,MBA Admission,Facebook,21–35 Age,133105,6571,1269,758,414,125866,2149461,East India
2025-10-05,AD002,MBA Admission,Facebook,21–35 Age,277734,16825,4065,1971,1056,248428,5043351,North India
2025-10-06,AD002,MBA Admission,Facebook,21–35 Age,116985,8242,1752,845,384,92102,2994089,West India
2025-10-07,AD002,MBA Admission,Facebook,21–35 Age,229002,17513,3683,2365,1189,161078,9344119,East India
2025-10-08,AD002,MBA Admission,Facebook,21–35 Age,190424,10827,2153,1389,633,105225,3490888,Pan India
2025-10-09,AD002,MBA Admission,Facebook,21–35 Age,110972,4268,982,454,200,97230,1191628,East India
2025-10-10,AD002,MBA Admission,Facebook,21–35 Age,90691,6497,1168,594,242,54234,815080,Pan India
2025-10-11,AD002,MBA Admission,Facebook,21–35 Age,58157,3232,534,257,110,53956,475327,East India
2025-10-12,AD002,MBA Admission,Facebook,21–35 Age,135976,10257,1702,1092,457,95285,1968745,Pan India
2025-10-13,AD002,MBA Admission,Facebook,21–35 Age,75257,2399,411,199,112,34218,450838,East India
2025-10-14,AD002,MBA Admission,Facebook,21–35 Age,198364,13118,1984,1175,480,91490,2452250,West India
2025-10-15,AD002,MBA Admission,Facebook,21–35 Age,295919,17609,3372,1885,798,153865,5620586,West India
2025-10-16,AD002,MBA Admission,Facebook,21–35 Age,219192,9561,2253,1253,681,111858,2520661,East India
2025-10-17,AD002,MBA Admission,Facebook,21–35 Age,274932,19134,4243,2579,1097,235450,5481452,North India
2025-10-18,AD002,MBA Admission,Facebook,21–35 Age,73891,5322,940,560,325,30551,1890047,East India
2025-10-19,AD002,MBA Admission,Facebook,21–35 Age,78968,2541,471,249,121,54841,399317,North India
2025-10-20,AD002,MBA Admission,Facebook,21–35 Age,260789,14483,2729,1300,685,217577,2824587,West India
2025-10-21,AD002,MBA Admission,Facebook,21–35 Age,134380,6252,1300,685,354,132525,2665107,South India
2025-10-22,AD002,MBA Admission,Facebook,21–35 Age,287916,10349,1738,838,398,115613,1867784,Pan India
2025-10-23,AD002,MBA Admission,Facebook,21–35 Age,216575,12444,2477,1587,674,147197,4576964,East India
2025-10-24,AD002,MBA Admission,Facebook,21–35 Age,71172,4222,908,490,236,46275,1760207,North India
2025-10-25,AD002,MBA Admission,Facebook,21–35 Age,198682,8609,1832,1094,574,80603,1777848,South India
2025-10-26,AD002,MBA Admission,Facebook,21–35 Age,87021,6502,1617,998,494,46483,2244804,Pan India
2025-10-27,AD002,MBA Admission,Facebook,21–35 Age,277676,18342,3757,2032,1017,242232,5399981,South India
2025-10-28,AD002,MBA Admission,Facebook,21–35 Age,132019,9429,2004,1029,542,129504,3403497,West India
2025-10-29,AD002,MBA Admission,Facebook,21–35 Age,89527,5616,865,507,215,79012,1224216,West India
2025-10-30,AD002,MBA Admission,Facebook,21–35 Age,232419,17670,3031,1638,975,200506,7007981,East India
2025-10-31,AD002,MBA Admission,Facebook,21–35 Age,267804,19472,4863,2431,1100,251059,6675312,Pan India
